White Flint, Glenmont, 7
White Flint, Bethesda, 4
Glenmont, Silver Spring, 4
Bethesda, Silver Spring, 5
Silver Spring, FDA, 6
FDA, Langley Park, 4
Silver Spring, Langley Park, 4
Langley Park, Takoma Park, 1
Takoma Park, Takoma, 2
Takoma Park, Pg Plaza, 3
Langley Park, UMD, 4
Greenbelt, UMD, 2
UMD, PG Plaza, 3
UMD, Mt Rainier, 5
Silver Spring, Takoma, 3
Takoma, Fort Totten, 2
Fort Totten, PG Plaza, 3
Mt Rainier, Cheverly, 5
Cheverly, Capital Heights, 4
Cheverly, Stadium, 6
Capital Heights, Stadium, 4
Capital Heights, Suitland, 5
Suitland, Southern Ave, 5
Southern Ave, Blue Plains, 3
Southern Ave, Anacostia, 3
Blue Plains, Anacostia, 5
L'Enfant, Anacostia, 2
L'Enfant, Stadium, 3
L'Enfant, Gallery Place, 1
L'Enfant, Metro Center, 2
L'Enfant, Pentagon, 3
Pentagon, King St, 6
Pentagon, Shirlington, 4
Shirlington, Van Dorn St, 4
Shirlington, King St, 5
Van Dorn St, King St, 4
Clarendon, Shirlington, 5
Clarendon, Rosslyn, 2
Rosslyn, Pentagon, 4
Rosslyn, Metro Center, 4
Metro Center, Dupont Circle, 2
Dupont Circle, U St, 1
Rosslyn, Friendship Heights, 6
Bethesda, Friendship Heights, 2
UDC, Friendship Heights, 2
UDC, Woodley Park, 1
Woodley Park, Columbia Heights, 2
Woodley Park, Dupont Circle, 2
Gallery Place, Noma, 2
Noma, Mt Rainier, 5
Noma, Fort Totten, 4
Noma, U St, 2
U St, Columbia Heights, 1
Fort Totten, Columbia Heights, 3
UDC, Columbia Heights, 3
Metro Center, Gallery Place, 1
Gallery Place, U St, 2
Friendship Heights, Takoma, 6
